Workbook

Sheet Instruksi
B2: Harap perhatikan instruksi berikut untuk pengerjaan tes excel ini :
C4: a. Untuk bagian yang berwarna kuning, harap dilengkapi
C5: b. Seluruh bagian yang perlu dilengkapi, wajib menggunakan RUMUS

Sheet Trial 1
A1: Nama Karyawan/ti | B1: L/P | C1: Omset - Bulan 1 | D1: Omset - Bulan 2 | E1: Omset - Bulan 3 | F1: Total Omset | G1: Rata-rata Omset | H1: Status | I1: Peringkat | K1: Score
A2: Hendrik | B2: L | C2: 20000000 | D2: 7000000 | E2: 22500000 | F2: =SUM(C2:E2) -> 49500000 | G2: =AVERAGE(C2:E2) -> 16500000 | H2: =IF(G2>15000000,"Lulus","Tidak Lulus") -> Lulus | I2: =RANK(G2,$G$2:$G$6,0) -> 3 | K2: =F7+G7+H7+I7+D12+D13+D14+D15+D16+D17 -> 0
A3: Intan | B3: L | C3: 24000000 | D3: 18000000 | E3: 24000000 | F3: =SUM(C3:E3) -> 66000000 | G3: =AVERAGE(C3:E3) -> 22000000 | H3: =IF(G3>15000000,"Lulus","Tidak Lulus") -> Lulus | I3: =RANK(G3,$G$2:$G$6,0) -> 1
A4: Habibah | B4: P | C4: 10000000 | D4: 20000000 | E4: 8000000 | F4: =SUM(C4:E4) -> 38000000 | G4: =AVERAGE(C4:E4) -> 12666667 | H4: =IF(G4>15000000,"Lulus","Tidak Lulus") -> Tidak Lulus | I4: =RANK(G4,$G$2:$G$6,0) -> 5
A5: Asep | B5: P | C5: 15000000 | D5: 24000000 | E5: 9500000 | F5: =SUM(C5:E5) -> 48500000 | G5: =AVERAGE(C5:E5) -> 16166667 | H5: =IF(G5>15000000,"Lulus","Tidak Lulus") -> Lulus | I5: =RANK(G5,$G$2:$G$6,0) -> 4
A6: Andy | B6: L | C6: 22000000 | D6: 26500000 | E6: 15000000 | F6: =SUM(C6:E6) -> 63500000 | G6: =AVERAGE(C6:E6) -> 21166667 | H6: =IF(G6>15000000,"Lulus","Tidak Lulus") -> Lulus | I6: =RANK(G6,$G$2:$G$6,0) -> 2
A8: Catatan
A9: Lulus | C9: Rata2 omzet > 15.000.000
A10: Tidak lulus | C10: Rata2 omzet 15.000.000 atau kurang
A12: Banyaknya karyawan (L+P) | C12: =COUNTA(B2:B6) -> 5
A13: Omset paling tinggi | C13: =MAX(F2:F6) -> 66000000
A14: Omset paling rendah | C14: =MIN(F2:F6) -> 38000000
A15: Jumlah omset karyawan | C15: =SUMIF(B2:G6,"L",G2:G6) -> 59666667
A16: Jumlah omset karyawati | C16: =SUMIF(B2:G6,"P",G2:G6) -> 28833333
A17: Banyaknya pegawai yang lulus | C17: =COUNTIF(H2:H6,"lulus") -> 4

Sheet Trial 2
A1: Berantakan | B1: SasA SaNtaN, SANtan TerINDAH | D1: Score
A2: Rapikan spasi | B2: =TRIM(B1) -> SasA SaNtaN, SANtan TerINDAH | D2: =SUM(C2:C7) -> 0
A3: Seragamkan huruf (kecil semua) | B3: =LOWER(B1) -> sasa santan, santan terindah
A4: Seragamkan huruf (besar semua) | B4: =UPPER(B1) -> SASA SANTAN, SANTAN TERINDAH
A5: Huruf besar di awal kata | B5: =PROPER(B1) -> Sasa Santan, Santan Terindah
A6: Spasi Rapi dan Huruf besar di awal setiap kata | B6: =TRIM(PROPER(B1)) -> Sasa Santan, Santan Terindah
A7: Spasi Rapi dan Huruf besar di awal kalimat | B7: =REPLACE(LOWER(B1),1,1,UPPER(LEFT(B1,1))) -> Sasa santan, santan terindah

Sheet Trial 3
A1: Divisi | B1: Nama Karyawan | C1: NIK | D1: Tahun Lahir | E1: ID Karyawan | F1: Panjang Nama | G1: Kode Area | I1: Score
A2: HR | B2: Putri | C2: 1234560101810001 | D2: 1990 | E2: =_xlfn.CONCAT(A2,"-",B2,"-",D2) -> HR-Putri-1990 | F2: =LEN(B2) -> 5 | G2: =LEFT(C2,3) -> 123 | I2: =SUM(E6:G6) -> 0
A3: Finance | B3: Zahra | C3: 2885670208980002 | D3: 1994 | E3: =_xlfn.CONCAT(A3,"-",B3,"-",D3) -> Finance-Zahra-1994 | F3: =LEN(B3) -> 5 | G3: =LEFT(C3,3) -> 288
A4: Sales | B4: Suci | C4: 1398780204560003 | D4: 1989 | E4: =_xlfn.CONCAT(A4,"-",B4,"-",D4) -> Sales-Suci-1989 | F4: =LEN(B4) -> 4 | G4: =LEFT(C4,3) -> 139
A5: HR | B5: Lulu | C5: 4561231912900004 | D5: 1997 | E5: =_xlfn.CONCAT(A5,"-",B5,"-",D5) -> HR-Lulu-1997 | F5: =LEN(B5) -> 4 | G5: =LEFT(C5,3) -> 456
A7: Soal
A8: 1. Buatlah ID karyawan dengan format Divisi-Nama Karyawan-Tahun Lahir
A9: 2. Hitunglah panjang dari masing masing karyawan
A10: 3. Masukkan kode area dengan memasukkan 3 karakter pertama dari NIK

Sheet Trial 4
A1: Daftar Penjualan 3 Hari Terakhir PT Duta Generasi Mandiri
A4: No | B4: Tanggal | C4: Kode Pelanggan | D4: Nama Pelanggan | E4: Kode Produk | F4: Nama Produk | G4: Qty | H4: Harga Satuan | I4: Total Penjualan | J4: Diskon | K4: Penjualan Bersih | M4: Kode Pelanggan
A5: 1 | B5: 43313 | C5: CL-02 | D5: =VLOOKUP(C5,$M$6:$N$8,2,0) -> PT. Graha Informatika Nusantara | E5: S-01 | F5: =VLOOKUP(E5,$M$12:$O$15,2,0) -> HR Management System | G5: 340 | H5: =VLOOKUP(E5,$M$12:$O$15,3,0) -> 800000 | I5: =G5*H5 -> 272000000 | J5: =IF(G5>500,"20%",IF(G5>200,"10%","0")) -> 10% | K5: =I5*J5 -> 27200000 | M5: Kode | N5: Nama
A6: 2 | B6: 43313 | C6: CL-01 | D6: =VLOOKUP(C6,$M$6:$N$8,2,0) -> PT. Catur Mitra Sejati Sentosa | E6: PS-02 | F6: =VLOOKUP(E6,$M$12:$O$15,2,0) -> Payroll Software | G6: 140 | H6: =VLOOKUP(E6,$M$12:$O$15,3,0) -> 600000 | I6: =G6*H6 -> 84000000 | J6: =IF(G6>500,"20%",IF(G6>200,"10%","0")) -> 0 | K6: =I6*J6 -> 0 | M6: CL-01 | N6: PT. Catur Mitra Sejati Sentosa
A7: 3 | B7: 43313 | C7: CL-01 | D7: =VLOOKUP(C7,$M$6:$N$8,2,0) -> PT. Catur Mitra Sejati Sentosa | E7: C-01 | F7: =VLOOKUP(E7,$M$12:$O$15,2,0) -> Cloud Storage 1 TB | G7: 560 | H7: =VLOOKUP(E7,$M$12:$O$15,3,0) -> 500000 | I7: =G7*H7 -> 280000000 | J7: =IF(G7>500,"20%",IF(G7>200,"10%","0")) -> 20% | K7: =I7*J7 -> 56000000 | M7: CL-02 | N7: PT. Graha Informatika Nusantara
A8: 4 | B8: 43314 | C8: CL-02 | D8: =VLOOKUP(C8,$M$6:$N$8,2,0) -> PT. Graha Informatika Nusantara | E8: CR-05 | F8: =VLOOKUP(E8,$M$12:$O$15,2,0) -> CRM Tools | G8: 230 | H8: =VLOOKUP(E8,$M$12:$O$15,3,0) -> 700000 | I8: =G8*H8 -> 161000000 | J8: =IF(G8>500,"20%",IF(G8>200,"10%","0")) -> 10% | K8: =I8*J8 -> 16100000 | M8: CL-03 | N8: PT. Payfazz Teknologi Nusantara
A9: 5 | B9: 43314 | C9: CL-02 | D9: =VLOOKUP(C9,$M$6:$N$8,2,0) -> PT. Graha Informatika Nusantara | E9: PS-02 | F9: =VLOOKUP(E9,$M$12:$O$15,2,0) -> Payroll Software | G9: 770 | H9: =VLOOKUP(E9,$M$12:$O$15,3,0) -> 600000 | I9: =G9*H9 -> 462000000 | J9: =IF(G9>500,"20%",IF(G9>200,"10%","0")) -> 20% | K9: =I9*J9 -> 92400000
A10: 6 | B10: 43314 | C10: CL-03 | D10: =VLOOKUP(C10,$M$6:$N$8,2,0) -> PT. Payfazz Teknologi Nusantara | E10: CR-05 | F10: =VLOOKUP(E10,$M$12:$O$15,2,0) -> CRM Tools | G10: 780 | H10: =VLOOKUP(E10,$M$12:$O$15,3,0) -> 700000 | I10: =G10*H10 -> 546000000 | J10: =IF(G10>500,"20%",IF(G10>200,"10%","0")) -> 20% | K10: =I10*J10 -> 109200000 | M10: Kode Produk
A11: 7 | B11: 43314 | C11: CL-03 | D11: =VLOOKUP(C11,$M$6:$N$8,2,0) -> PT. Payfazz Teknologi Nusantara | E11: CR-05 | F11: =VLOOKUP(E11,$M$12:$O$15,2,0) -> CRM Tools | G11: 300 | H11: =VLOOKUP(E11,$M$12:$O$15,3,0) -> 700000 | I11: =G11*H11 -> 210000000 | J11: =IF(G11>500,"20%",IF(G11>200,"10%","0")) -> 10% | K11: =I11*J11 -> 21000000 | M11: Kode | N11: Nama | O11: Harga Satuan
A12: 8 | B12: 43314 | C12: CL-03 | D12: =VLOOKUP(C12,$M$6:$N$8,2,0) -> PT. Payfazz Teknologi Nusantara | E12: PS-02 | F12: =VLOOKUP(E12,$M$12:$O$15,2,0) -> Payroll Software | G12: 790 | H12: =VLOOKUP(E12,$M$12:$O$15,3,0) -> 600000 | I12: =G12*H12 -> 474000000 | J12: =IF(G12>500,"20%",IF(G12>200,"10%","0")) -> 20% | K12: =I12*J12 -> 94800000 | M12: S-01 | N12: HR Management System | O12: 800000
A13: 9 | B13: 43314 | C13: CL-01 | D13: =VLOOKUP(C13,$M$6:$N$8,2,0) -> PT. Catur Mitra Sejati Sentosa | E13: S-01 | F13: =VLOOKUP(E13,$M$12:$O$15,2,0) -> HR Management System | G13: 440 | H13: =VLOOKUP(E13,$M$12:$O$15,3,0) -> 800000 | I13: =G13*H13 -> 352000000 | J13: =IF(G13>500,"20%",IF(G13>200,"10%","0")) -> 10% | K13: =I13*J13 -> 35200000 | M13: PS-02 | N13: Payroll Software | O13: 600000
A14: 10 | B14: 43314 | C14: CL-02 | D14: =VLOOKUP(C14,$M$6:$N$8,2,0) -> PT. Graha Informatika Nusantara | E14: CR-05 | F14: =VLOOKUP(E14,$M$12:$O$15,2,0) -> CRM Tools | G14: 130 | H14: =VLOOKUP(E14,$M$12:$O$15,3,0) -> 700000 | I14: =G14*H14 -> 91000000 | J14: =IF(G14>500,"20%",IF(G14>200,"10%","0")) -> 0 | K14: =I14*J14 -> 0 | M14: C-01 | N14: Cloud Storage 1 TB | O14: 500000
A15: 11 | B15: 43315 | C15: CL-02 | D15: =VLOOKUP(C15,$M$6:$N$8,2,0) -> PT. Graha Informatika Nusantara | E15: PS-02 | F15: =VLOOKUP(E15,$M$12:$O$15,2,0) -> Payroll Software | G15: 360 | H15: =VLOOKUP(E15,$M$12:$O$15,3,0) -> 600000 | I15: =G15*H15 -> 216000000 | J15: =IF(G15>500,"20%",IF(G15>200,"10%","0")) -> 10% | K15: =I15*J15 -> 21600000 | M15: CR-05 | N15: CRM Tools | O15: 700000
A16: 12 | B16: 43315 | C16: CL-03 | D16: =VLOOKUP(C16,$M$6:$N$8,2,0) -> PT. Payfazz Teknologi Nusantara | E16: PS-02 | F16: =VLOOKUP(E16,$M$12:$O$15,2,0) -> Payroll Software | G16: 120 | H16: =VLOOKUP(E16,$M$12:$O$15,3,0) -> 600000 | I16: =G16*H16 -> 72000000 | J16: =IF(G16>500,"20%",IF(G16>200,"10%","0")) -> 0 | K16: =I16*J16 -> 0
A17: 13 | B17: 43315 | C17: CL-02 | D17: =VLOOKUP(C17,$M$6:$N$8,2,0) -> PT. Graha Informatika Nusantara | E17: C-01 | F17: =VLOOKUP(E17,$M$12:$O$15,2,0) -> Cloud Storage 1 TB | G17: 120 | H17: =VLOOKUP(E17,$M$12:$O$15,3,0) -> 500000 | I17: =G17*H17 -> 60000000 | J17: =IF(G17>500,"20%",IF(G17>200,"10%","0")) -> 0 | K17: =I17*J17 -> 0
A18: 14 | B18: 43315 | C18: CL-03 | D18: =VLOOKUP(C18,$M$6:$N$8,2,0) -> PT. Payfazz Teknologi Nusantara | E18: CR-05 | F18: =VLOOKUP(E18,$M$12:$O$15,2,0) -> CRM Tools | G18: 720 | H18: =VLOOKUP(E18,$M$12:$O$15,3,0) -> 700000 | I18: =G18*H18 -> 504000000 | J18: =IF(G18>500,"20%",IF(G18>200,"10%","0")) -> 20% | K18: =I18*J18 -> 100800000 | M18: Score
A19: 15 | B19: 43315 | C19: CL-01 | D19: =VLOOKUP(C19,$M$6:$N$8,2,0) -> PT. Catur Mitra Sejati Sentosa | E19: CR-05 | F19: =VLOOKUP(E19,$M$12:$O$15,2,0) -> CRM Tools | G19: 250 | H19: =VLOOKUP(E19,$M$12:$O$15,3,0) -> 700000 | I19: =G19*H19 -> 175000000 | J19: =IF(G19>500,"20%",IF(G19>200,"10%","0")) -> 10% | K19: =I19*J19 -> 17500000 | M19: =D3+F3+H3+I3+J3+K3+G22+G23+K22+K23 -> 0
A20: Total | K20: =SUM(I5:I19)-SUM(K5:K19) -> 3367200000
A21: Rata Rata Penjualan Harian | K21: =K20/3 -> 1122400000
A23: Soal
A24: 1 | B24: Isi Nama Pelanggan, Nama Produk, Harga Satuan (Gunakan kode VLOOKUP)
A25: 2 | B25: Isi Total Penjualan (Rumus Perkalian)
A26: 3 | B26: Jika qty pembelian diatas 200, maka diskon 10%, jika diatas 500, maka 20% (Gunakan Rumus IF)
A27: 4 | B27: Isi Penjualan Bersih (Rumus Perkalian)
A28: 5 | B28: Totalkan semua Qty dan Penjualan Bersih (, dan Rata Rata kan (Rumus Pembagian).

Sheet Database
A1: NO | B1: COMPANY | C1: NIK | D1: NAME EMPLOYEE | E1: LEVEL | F1: AREA | G1: REGION | H1: DIVISION | I1: KATEGORI | J1: TYPE | K1: SUBJECT | L1: Year | M1: Month | N1: START_DATE | O1: END_DATE | P1: Jam Training | Q1: VENDOR
A2: 1 | B2: DGM | C2: 06338 | D2: KAIFA PUTRI | E2: PERSON IN CHARGE | F2: BANTEN | G2: West | H2: SALES | I2: Internal | J2: Training | K2: Refreshment - Sales & Distribution Training | L2: 2022 | M2: Feb | N2: 44604 | O2: 44604 | P2: 4
A3: 2 | B3: DGM | C3: 11141 | D3: FIDEL FIKRO | E3: PERSON IN CHARGE | F3: BANTEN | G3: West | H3: SALES | I3: Internal | J3: Training | K3: Refreshment - Sales & Distribution Training | L3: 2022 | M3: Feb | N3: 44604 | O3: 44604 | P3: 4
A4: 3 | B4: DGM | C4: 06044 | D4: FERI ARDIANSYAH | E4: PERSON IN CHARGE | F4: BANTEN | G4: West | H4: SALES | I4: Internal | J4: Training | K4: Refreshment - Sales & Distribution Training | L4: 2022 | M4: Feb | N4: 44604 | O4: 44604 | P4: 4
A5: 4 | B5: DGM | C5: 10766 | D5: ZANESTI VETI FIRANDA | E5: PERSON IN CHARGE | F5: BANTEN | G5: West | H5: SALES | I5: Internal | J5: Training | K5: Refreshment - Sales & Distribution Training | L5: 2022 | M5: Feb | N5: 44604 | O5: 44604 | P5: 4
A6: 5 | B6: DGM | C6: 11639 | D6: RENY MIFTA | E6: PERSON IN CHARGE | F6: BANTEN | G6: West | H6: SALES | I6: Internal | J6: Training | K6: Refreshment - Sales & Distribution Training | L6: 2022 | M6: Feb | N6: 44604 | O6: 44604 | P6: 4
A7: 6 | B7: DGM | C7: 03312 | D7: TEUKU RENDI | E7: PERSON IN CHARGE | F7: BANTEN | G7: West | H7: SALES | I7: Internal | J7: Training | K7: Refreshment - Sales & Distribution Training | L7: 2022 | M7: Feb | N7: 44604 | O7: 44604 | P7: 4
A8: 7 | B8: DGM | C8: 11727 | D8: DEDE ISMAIL | E8: PERSON IN CHARGE | F8: BANTEN | G8: West | H8: SALES | I8: Internal | J8: Training | K8: Refreshment - Sales & Distribution Training | L8: 2022 | M8: Feb | N8: 44604 | O8: 44604 | P8: 4
A9: 8 | B9: DGM | C9: 10713 | D9: EDY TRIYONO | E9: PERSON IN CHARGE | F9: BANTEN | G9: West | H9: SALES | I9: Internal | J9: Training | K9: Refreshment - Sales & Distribution Training | L9: 2022 | M9: Feb | N9: 44604 | O9: 44604 | P9: 4
A10: 9 | B10: DGM | C10: 06337 | D10: ALI GONZALES | E10: PERSON IN CHARGE | F10: BANTEN | G10: West | H10: SALES | I10: Internal | J10: Training | K10: Refreshment - Sales & Distribution Training | L10: 2022 | M10: Feb | N10: 44604 | O10: 44604 | P10: 4
A11: 10 | B11: DGM | C11: 10870 | D11: DONA DONI | E11: PERSON IN CHARGE | F11: BANTEN | G11: West | H11: SALES | I11: Internal | J11: Training | K11: Refreshment - Sales & Distribution Training | L11: 2022 | M11: Feb | N11: 44604 | O11: 44604 | P11: 4
A12: 11 | B12: DGM | C12: 13483 | D12: DESTA IRWANSYAH | E12: PERSON IN CHARGE | F12: BANTEN | G12: West | H12: SALES | I12: Internal | J12: Training | K12: Refreshment - Sales & Distribution Training | L12: 2022 | M12: Feb | N12: 44604 | O12: 44604 | P12: 4
A13: 12 | B13: DGM | C13: 11730 | D13: MUSTAMAR | E13: PERSON IN CHARGE | F13: BEKASI | G13: West | H13: SALES | I13: Internal | J13: Training | K13: Refreshment - Sales & Distribution Training | L13: 2022 | M13: Feb | N13: 44604 | O13: 44604 | P13: 4
... A250: 249 | B250: DGM | C250: 09613 | D250: DONALD KUSUMA | E250: AREA SALES MANAGER | F250: WEST SUBDIST | G250: West | H250: SALES | I250: Internal | J250: Training | K250: PDCA | L250: 2022 | M250: June | N250: 44736 | O250: 44736 | P250: 8
A251: 250 | B251: DGM | C251: 13401 | D251: BAMBANG WIRANTO | E251: PERSONNEL & CB ASSOCIATE | F251: HO | G251: HO | H251: HR & GA | I251: External | J251: Training | K251: Certified Salary Structure Designer | L251: 2022 | M251: June | N251: 44736 | O251: 44738 | P251: 8 | Q251: Solusi Consulting
A252: 251 | B252: DGM | C252: 11049 | D252: MARCELINO IRGI SAPUTRA | E252: PJS - FIELD SALES SUPERVISOR | F252: BANTEN | G252: West | H252: SALES | I252: Internal | J252: Training | K252: TTT Basic Sales Module | L252: 2022 | M252: July | N252: 44754 | O252: 44754 | P252: 8
A253: 252 | B253: DGM | C253: 14139 | D253: BARLIANA DYAN PUSPITA | E253: FIELD SALES SUPERVISOR | F253: CENTRAL JAVA 1 | G253: Central | H253: SALES | I253: Internal | J253: Training | K253: TTT Basic Sales Module | L253: 2022 | M253: July | N253: 44765 | O253: 44765 | P253: 8

Sheet Trial 5
A1: Trial 5: Lookup, Summary Formula, Pivot & Chart
A3: Instruksi umum: Gunakan sheet Data-5 sebagai sumber data. Jawaban harus menggunakan formula Excel / Pivot Table, bukan diketik manual.
A4: Formula yang boleh digunakan: VLOOKUP / XLOOKUP / INDEX MATCH, COUNTIFS, SUMIFS, AVERAGEIFS, MAXIFS, dan formula pendukung lain sesuai kebutuhan.
A6: 1 | B6: AUTO LOOKUP BERDASARKAN NIK | K6: 35
B8: NIK | D8: 14139
B10: Nama | D10: =VLOOKUP(D8,Database!$C$2:$D$253,2,0) -> BARLIANA DYAN PUSPITA
B11: Subject Training | D11: =VLOOKUP(D8,Database!$C$2:$K$253,9,0) -> TTT Basic Sales Module
B12: Tanggal Mulai Training | D12: =VLOOKUP(D8,Database!$C$2:$Q$253,12,0) -> 44765
B13: Tanggal Selesai Training | D13: =VLOOKUP(D8,Database!$C$2:$Q$253,13,0) -> 44765
B14: Region | D14: =VLOOKUP(D8,Database!$C$2:$G$253,5,0) -> Central
B15: Area | D15: =VLOOKUP(D8,Database!$C$2:$F$253,4,0) -> CENTRAL JAVA 1
B16: Level | D16: =VLOOKUP(D8,Database!$C$2:$E$253,3,0) -> FIELD SALES SUPERVISOR
B17: Kategori | D17: =VLOOKUP(D8,Database!$C$2:$P$253,7,0) -> Internal
B18: Type | D18: =VLOOKUP(D8,Database!$C$2:$P$253,8,0) -> Training
B19: Jam Training | D19: =VLOOKUP(D8,Database!$C$2:$P$253,14,0) -> 8
B20: Vendor | D20: =VLOOKUP(D8,Database!$C$2:$Q$253,15,0) -> 0
B21: Durasi Hari | D21: =_xlfn.DAYS(D13,D12) -> 0
B22: Validasi Data | D22: =IF(AND(D12<>"", D13<>"", D19<>""), "Valid", "Cek Data") -> Valid
A25: 2 | B25: ANALISA DATA MENGGUNAKAN FORMULA | K25: 35
B27: Pilih Region | C27: HO
B28: Pilih Kategori | C28: Internal
B29: Pilih Tahun | C29: 2022
B31: Total Peserta | C31: =COUNTIFS(Database!$G$1:$G$253,'Trial 5'!C27,Database!$I$1:$I$253,'Trial 5'!C28,Database!$L$1:$L$253,'Trial 5'!C29) -> 2
B32: Total Jam Training | C32: =SUMIFS(Database!P2:P253,Database!G2:G253,'Trial 5'!C27,Database!I2:I253,'Trial 5'!C28,Database!L2:L253,'Trial 5'!C29) -> 16 | D32: <== Hitung total jam training sesuai Region + Kategori + Tahun
B33: Rata-rata Jam Training | C33: =AVERAGEIFS(Database!P2:P253,Database!G2:G253,'Trial 5'!C27,Database!I2:I253,'Trial 5'!C28,Database!L2:L253,'Trial 5'!C29) -> 8 | D33: <== Hitung rata-rata: Total Jam Training / Total Peserta
B34: Jam Training Tertinggi | C34: =_xlfn.MAXIFS(Database!P2:P253,Database!G2:G253,'Trial 5'!C27,Database!I2:I253,'Trial 5'!C28,Database!L2:L253,'Trial 5'!C29) -> 8 | D34: <== Cari jam training tertinggi sesuai Region + Kategori + Tahun
B35: Tanggal Training Terakhir | D35: <== Cari START_DATE paling akhir sesuai Region + Kategori + Tahun
B36: Status Volume | C36: =IF(C31>30,"High Volume","Normal") -> Normal | D36: <== Jika Total Peserta > 30 maka 'High Volume', selain itu 'Normal'
A39: 3 | B39: REKAP REGION DENGAN FORMULA / PIVOT | K39: 15
B41: Buat rekap per Region. Minimal berisi Region, Total Peserta, Total Jam Training, Rata-rata Jam, Peserta External, dan % External dari total peserta region tersebut.
B43: Region | C43: Total Peserta | D43: Total Jam Training | E43: Rata-rata Jam | F43: Peserta External | G43: % External

Sheet 3 & 4 Jawaban
A1: 3. Buat rekap per Region. Minimal berisi Region, Total Peserta, Total Jam Training, Rata-rata Jam, Peserta External, dan % External dari total peserta region tersebut. | I1: PIVOT TABLE & CHART
A3: Year | B3: KATEGORI | C3: REGION | D3: Jumlah Peserta | E3: Total Jam Training | F3: Rata Rata Jam Training | G3: Presentase | I3: Year | J3: KATEGORI | K3: REGION | L3: Jumlah Peserta | M3: Total Jam Training | N3: Rata Rata Jam Training | O3: Presentase
A4: 2022 | B4: External | C4: Central | D4: 6 | E4: 30 | F4: 5 | G4: 0.024183797 | I4: 2022 | J4: External | K4: Central | L4: 6 | M4: 30 | N4: 5 | O4: 0.024183797
C5: East | D5: 3 | E5: 15 | F5: 5 | G5: 0.012091898 | K5: East | L5: 3 | M5: 15 | N5: 5 | O5: 0.012091898
C6: HO | D6: 4 | E6: 21.5 | F6: 5.375 | G6: 0.017331721 | K6: HO | L6: 4 | M6: 21.5 | N6: 5.375 | O6: 0.017331721
C7: OIE | D7: 3 | E7: 15 | F7: 5 | G7: 0.012091898 | K7: OIE | L7: 3 | M7: 15 | N7: 5 | O7: 0.012091898
C8: OIW | D8: 4 | E8: 20 | F8: 5 | G8: 0.016122531 | K8: OIW | L8: 4 | M8: 20 | N8: 5 | O8: 0.016122531
C9: West | D9: 7 | E9: 35 | F9: 5 | G9: 0.02821443 | K9: West | L9: 7 | M9: 35 | N9: 5 | O9: 0.02821443
B10: External Total | D10: 27 | E10: 136.5 | F10: 5.0555556 | G10: 0.11003628 | J10: External Total | L10: 27 | M10: 136.5 | N10: 5.0555556 | O10: 0.11003628
B11: Internal | C11: Central | D11: 73 | E11: 364 | F11: 4.9863014 | G11: 0.29343007 | J11: Internal | K11: Central | L11: 73 | M11: 364 | N11: 4.9863014 | O11: 0.29343007
C12: East | D12: 31 | E12: 152 | F12: 4.9032258 | G12: 0.12253124 | K12: East | L12: 31 | M12: 152 | N12: 4.9032258 | O12: 0.12253124
C13: HO | D13: 2 | E13: 16 | F13: 8 | G13: 0.012898025 | K13: HO | L13: 2 | M13: 16 | N13: 8 | O13: 0.012898025
C14: OIE | D14: 22 | E14: 88 | F14: 4 | G14: 0.070939137 | K14: OIE | L14: 22 | M14: 88 | N14: 4 | O14: 0.070939137
C15: OIW | D15: 28 | E15: 116 | F15: 4.1428571 | G15: 0.093510681 | K15: OIW | L15: 28 | M15: 116 | N15: 4.1428571 | O15: 0.093510681
C16: West | D16: 69 | E16: 368 | F16: 5.3333333 | G16: 0.29665457 | K16: West | L16: 69 | M16: 368 | N16: 5.3333333 | O16: 0.29665457
B17: Internal Total | D17: 225 | E17: 1104 | F17: 4.9066667 | G17: 0.88996372 | J17: Internal Total | L17: 225 | M17: 1104 | N17: 4.9066667 | O17: 0.88996372
A18: 2022 Total | D18: 252 | E18: 1240.5 | F18: 4.922619 | G18: 1 | I18: 2022 Total | L18: 252 | M18: 1240.5 | N18: 4.922619 | O18: 1
A19: Grand Total | D19: 252 | E19: 1240.5 | F19: 4.922619 | G19: 1 | I19: Grand Total | L19: 252 | M19: 1240.5 | N19: 4.922619 | O19: 1
